{"1":{"total_call_times":[227000,73250,70195,70580,70813,72387,71737,72132,70346,70499,70162,71203,70673,71528,70211,70385,70424,71242,71282,70458,71288,70322,71653,70834,70346,71865,70231,71403,70541,73450,71202,70662,70536,71276,71319,73688,70985,72014,73903,70266,76398,72731,71429,72335,71984,74881,70580,73437,71329,72862,85645,71636,76949,72292,71239,71325,70313,70692,70784,72030,70266,70869,69962,70134,71076,71243,74000,72992,72644,72229,71490,72114,71055,71568,70752,70427,69901,72201,70473,72375,71276,70692,69936,70531,74541,71776,71530,71516,71669,70159,72278,72236,72195,71341,71471,71591,71526,74042,74976,71991,71878,69484,70106,71662,72006,70262,70998,69738,69950,69991,71272,69676,71175,70596,69942,70899,73396,72282,75535,74425,68894,73292,70947,71415,69972,70926,71557,74284,70638,70773,70848,70820,85811,69660,70258,70743,71554,70350,73173,81165,70038,72076,70868,71639,70367,71065,70644,71980,70034,71241,73715,72228,74827,69978,70315,70921,71752,71125,71150,69708,72191,69323,72194,69499,70477,70622,69434,70325,69657,70690,72884,70933,69925,69749,69936,69179,69847,69165,72473,70104,76376,69206,70083,71988,69879,71137,71744,71026,70482,70662,70720,72889,70967,71847,71286,70409,70576,70676,73633,70999,70070,70322,71323,70972,69440,69825,72734,70122,69580,71110,70699,69982,71004,70783,70187,69043,70301,70616,70931,72074,69707,71152,72016,71885,69809,70078,69277,69404,72340,69791,70838,70146,70391,70255,69413,71089,70278,71627,69530,70145,69527,70634,70933,69728,70830],"timestamps":[0.0,0.07999999821186066,0.1599999964237213,0.23999999463558197,0.3199999928474426,0.4000000059604645,0.47999998927116394,0.5600000023841858,0.6399999856948853,0.7200000286102295,0.800000011920929,0.8799999952316284,0.9599999785423279,1.0399999618530273,1.1200000047683716,1.2000000476837158,1.2799999713897705,1.3600000143051147,1.440000057220459,1.5199999809265137,1.600000023841858,1.6799999475479126,1.7599999904632568,1.840000033378601,1.9199999570846558,2.0,2.0799999237060547,2.1600000858306885,2.240000009536743,2.319999933242798,2.4000000953674316,2.4800000190734863,2.559999942779541,2.640000104904175,2.7200000286102295,2.799999952316284,2.880000114440918,2.9600000381469727,3.0399999618530273,3.119999885559082,3.200000047683716,3.2799999713897705,3.359999895095825,3.440000057220459,3.5199999809265137,3.5999999046325684,3.680000066757202,3.759999990463257,3.8399999141693115,3.9200000762939453,4.039999961853027,4.119999885559082,4.199999809265137,4.28000020980835,4.360000133514404,4.440000057220459,4.519999980926514,4.599999904632568,4.679999828338623,4.760000228881836,4.840000152587891,4.920000076293945,5.0,5.079999923706055,5.159999847412109,5.239999771118164,5.320000171661377,5.400000095367432,5.480000019073486,5.559999942779541,5.639999866485596,5.71999979019165,5.800000190734863,5.880000114440918,5.960000038146973,6.039999961853027,6.119999885559082,6.199999809265137,6.28000020980835,6.360000133514404,6.440000057220459,6.519999980926514,6.599999904632568,6.679999828338623,6.760000228881836,6.840000152587891,6.920000076293945,7.0,7.079999923706055,7.159999847412109,7.239999771118164,7.320000171661377,7.400000095367432,7.480000019073486,7.559999942779541,7.639999866485596,7.71999979019165,7.800000190734863,7.880000114440918,7.960000038146973,8.039999961853027,8.119999885559082,8.199999809265137,8.279999732971191,8.359999656677246,8.4399995803833,8.520000457763672,8.600000381469727,8.680000305175781,8.760000228881836,8.84000015258789,8.920000076293945,9.0,9.079999923706055,9.15999984741211,9.239999771118164,9.319999694824219,9.399999618530273,9.479999542236328,9.5600004196167,9.640000343322754,9.720000267028809,9.800000190734863,9.880000114440918,9.960000038146973,10.039999961853027,10.119999885559082,10.199999809265137,10.279999732971191,10.359999656677246,10.4399995803833,10.520000457763672,10.640000343322754,10.720000267028809,10.800000190734863,10.880000114440918,10.960000038146973,11.039999961853027,11.119999885559082,11.239999771118164,11.319999694824219,11.399999618530273,11.479999542236328,11.5600004196167,11.640000343322754,11.720000267028809,11.800000190734863,11.880000114440918,11.960000038146973,12.039999961853027,12.119999885559082,12.199999809265137,12.279999732971191,12.359999656677246,12.4399995803833,12.520000457763672,12.600000381469727,12.680000305175781,12.760000228881836,12.84000015258789,12.920000076293945,13.0,13.079999923706055,13.15999984741211,13.239999771118164,13.319999694824219,13.399999618530273,13.479999542236328,13.5600004196167,13.640000343322754,13.720000267028809,13.800000190734863,13.880000114440918,13.960000038146973,14.039999961853027,14.119999885559082,14.199999809265137,14.279999732971191,14.359999656677246,14.4399995803833,14.520000457763672,14.600000381469727,14.680000305175781,14.760000228881836,14.84000015258789,14.920000076293945,15.0,15.079999923706055,15.15999984741211,15.239999771118164,15.319999694824219,15.399999618530273,15.479999542236328,15.5600004196167,15.640000343322754,15.720000267028809,15.800000190734863,15.880000114440918,15.960000038146973,16.040000915527344,16.1200008392334,16.200000762939453,16.280000686645508,16.360000610351563,16.440000534057617,16.520000457763672,16.600000381469727,16.68000030517578,16.760000228881836,16.84000015258789,16.920000076293945,17.0,17.079999923706055,17.15999984741211,17.239999771118164,17.31999969482422,17.399999618530273,17.479999542236328,17.559999465942383,17.639999389648438,17.719999313354492,17.799999237060547,17.8799991607666,17.959999084472656,18.040000915527344,18.1200008392334,18.200000762939453,18.280000686645508,18.360000610351563,18.440000534057617,18.520000457763672,18.600000381469727,18.68000030517578,18.760000228881836,18.84000015258789,18.920000076293945,19.0,19.079999923706055,19.15999984741211,19.239999771118164,19.31999969482422,19.399999618530273,19.479999542236328,19.559999465942383,19.600000381469727]},"0":{"total_call_times":[227000,73250,70195,70580,70813,72387,71737,72132,70346,70499,70162,71203,70673,71528,70211,70385,70424,71242,71282,70458,71288,70322,71653,70834,70346,71865,70231,71403,70541,73450,71202,70662,70536,71276,71319,73688,70985,72014,73903,70266,76398,72731,71429,72335,71984,74881,70580,73437,71329,72862,85645,71636,76949,72292,71239,71325,70313,70692,70784,72030,70266,70869,69962,70134,71076,71243,74000,72992,72644,72229,71490,72114,71055,71568,70752,70427,69901,72201,70473,72375,71276,70692,69936,70531,74541,71776,71530,71516,71669,70159,72278,72236,72195,71341,71471,71591,71526,74042,74976,71991,71878,69484,70106,71662,72006,70262,70998,69738,69950,69991,71272,69676,71175,70596,69942,70899,73396,72282,75535,74425,68894,73292,70947,71415,69972,70926,71557,74284,70638,70773,70848,70820,85811,69660,70258,70743,71554,70350,73173,81165,70038,72076,70868,71639,70367,71065,70644,71980,70034,71241,73715,72228,74827,69978,70315,70921,71752,71125,71150,69708,72191,69323,72194,69499,70477,70622,69434,70325,69657,70690,72884,70933,69925,69749,69936,69179,69847,69165,72473,70104,76376,69206,70083,71988,69879,71137,71744,71026,70482,70662,70720,72889,70967,71847,71286,70409,70576,70676,73633,70999,70070,70322,71323,70972,69440,69825,72734,70122,69580,71110,70699,69982,71004,70783,70187,69043,70301,70616,70931,72074,69707,71152,72016,71885,69809,70078,69277,69404,72340,69791,70838,70146,70391,70255,69413,71089,70278,71627,69530,70145,69527,70634,70933,69728,70830],