{"2":{"total_call_times":[143864,110401,108964,106720,108286,112050,109124,111918,110429,108134,109323,110520,107718,109130,111160,107342,108145,111168,109535,107402,107633,113038,113184,110539,112292,110733,112955,110651,107276,109141,108517,111849,107476,107956,109954,116412,113383,114817,112592,111485,110766,110625,110634,111358,112244,110348,110979,111354,113840,111686,111342,108745,107913,107251,107238,108788,109450,111008,109034,111492,113028,110481,111397,112576,111131,109015,110881,109660,109513,113012,109793,111043,114010,108269,109483,109165,106792,113779,110220,111261,108702,112951,109852,111173,110893,110316,112469,108210,107564,108508,108868,108916,106815,110356,111762,108939,108157,111000,108108,108294,107992,109174,110149,113135,109839,111265,109660,111314,111418,111575,110285,110852,112528,110318,111174,112060,109165,107230,110500,110490,107152,110504,110694,110590,114904,111777,111267,110637,107496,109220,111438,110932,113031,108300,110217,110369,111718,108693,107719,107946,107286,104643,112157,110263,110130,109856,107683,113056,110638,110508,111778,109123,110140,109986,111595,106900,110976,106580,106064,106579,109542,108122,110939,110326,112498],"timestamps":[0.0,0.11999999731779099,0.23999999463558197,0.36000001430511475,0.47999998927116394,0.6000000238418579,0.7200000286102295,0.8399999737739563,0.9599999785423279,1.0800000429153442,1.2000000476837158,1.3200000524520874,1.440000057220459,1.559999942779541,1.6799999475479126,1.7999999523162842,1.9199999570846558,2.0399999618530273,2.1600000858306885,2.2799999713897705,2.4000000953674316,2.5199999809265137,2.640000104904175,2.759999990463257,2.880000114440918,3.0,3.119999885559082,3.240000009536743,3.359999895095825,3.4800000190734863,3.5999999046325684,3.7200000286102295,3.8399999141693115,3.9600000381469727,4.079999923706055,4.199999809265137,4.320000171661377,4.440000057220459,4.559999942779541,4.679999828338623,4.800000190734863,4.920000076293945,5.039999961853027,5.159999847412109,5.28000020980835,5.400000095367432,5.519999980926514,5.639999866485596,5.760000228881836,5.880000114440918,6.0,6.119999885559082,6.239999771118164,6.360000133514404,6.480000019073486,6.599999904632568,6.71999979019165,6.840000152587891,6.960000038146973,7.079999923706055,7.199999809265137,7.320000171661377,7.440000057220459,7.559999942779541,7.679999828338623,7.800000190734863,7.920000076293945,8.039999961853027,8.15999984741211,8.279999732971191,8.399999618530273,8.520000457763672,8.640000343322754,8.760000228881836,8.880000114440918,9.0,9.119999885559082,9.239999771118164,9.359999656677246,9.479999542236328,9.600000381469727,9.720000267028809,9.84000015258789,9.960000038146973,10.079999923706055,10.199999809265137,10.319999694824219,10.4399995803833,10.5600004196167,10.680000305175781,10.800000190734863,10.920000076293945,11.039999961853027,11.15999984741211,11.279999732971191,11.399999618530273,11.520000457763672,11.640000343322754,11.760000228881836,11.880000114440918,12.0,12.119999885559082,12.239999771118164,12.359999656677246,12.479999542236328,12.600000381469727,12.720000267028809,12.84000015258789,12.960000038146973,13.079999923706055,13.199999809265137,13.319999694824219,13.4399995803833,13.5600004196167,13.680000305175781,13.800000190734863,13.920000076293945,14.039999961853027,14.15999984741211,14.279999732971191,14.399999618530273,14.520000457763672,14.640000343322754,14.760000228881836,14.880000114440918,15.0,15.119999885559082,15.239999771118164,15.359999656677246,15.479999542236328,15.600000381469727,15.720000267028809,15.84000015258789,15.960000038146973,16.079999923706055,16.200000762939453,16.31999969482422,16.440000534057617,16.559999465942383,16.68000030517578,16.799999237060547,16.920000076293945,17.040000915527344,17.15999984741211,17.280000686645508,17.399999618530273,17.520000457763672,17.639999389648438,17.760000228881836,17.8799991607666,18.0,18.1200008392334,18.239999771118164,18.360000610351563,18.479999542236328,18.600000381469727,18.719999313354492,18.84000015258789,18.959999084472656,19.079999923706055,19.200000762939453,19.31999969482422,19.440000534057617,19.559999465942383,19.68000030517578]},"1":{"total_call_times":[143864,110401,108964,106720,108286,112050,109124,111918,110429,108134,109323,110520,107718,109130,111160,107342,108145,111168,109535,107402,107633,113038,113184,110539,112292,110733,112955,110651,107276,109141,108517,111849,107476,107956,109954,116412,113383,114817,112592,111485,110766,110625,110634,111358,112244,110348,110979,111354,113840,111686,111342,108745,107913,107251,107238,108788,109450,111008,109034,111492,113028,110481,111397,112576,111131,109015,110881,109660,109513,113012,109793,111043,114010,108269,109483,109165,106792,113779,110220,111261,108702,112951,109852,111173,110893,110316,112469,108210,107564,108508,108868,108916,106815,110356,111762,108939,108157,111000,108108,108294,107992,109174,110149,113135,109839,111265,109660,111314,111418,111575,110285,110852,112528,110318,111174,112060,109165,107230,110500,110490,107152,110504,110694,110590,114904,111777,111267,110637,107496,109220,111438,110932,113031,108300,110217,110369,111718,108693,107719,107946,107286,104643,112157,110263,110130,109856,107683,113056,110638,110508,111778,109123,110140,109986,111595,106900,110976,106580,106064,106579,109542,108122,110939,110326,112498],