{"2":{"total_call_times":[377269,271749,264612,271318,266577,303517,314596,291381,283154,285868,280761,270676,277107,267479,266221,284825,306932,277560,268803,272705,262818,286876,263785,279335,274594,276283,285163,280253,276970,264014,312419,298510,273803,282596,294027,267207,267344,263963,275285,292055,278640,269807,277662,286693,257480,278462,268396,282079,281811,291568,281078,290263,264613,287560,282016,283845,284293,287707,278282,259615,287618,268209,280576,276147,279265,277401,272506,301278,311254],"timestamps":[0.0,0.3199999928474426,0.6000000238418579,0.8799999952316284,1.159999966621399,1.440000057220459,1.7599999904632568,2.0799999237060547,2.4000000953674316,2.7200000286102295,3.0399999618530273,3.359999895095825,3.640000104904175,3.9200000762939453,4.199999809265137,4.480000019073486,4.800000190734863,5.119999885559082,5.400000095367432,5.679999828338623,5.960000038146973,6.239999771118164,6.559999942779541,6.840000152587891,7.159999847412109,7.440000057220459,7.71999979019165,8.039999961853027,8.359999656677246,8.640000343322754,8.920000076293945,9.239999771118164,9.5600004196167,9.84000015258789,10.15999984741211,10.479999542236328,10.760000228881836,11.039999961853027,11.319999694824219,11.600000381469727,11.920000076293945,12.239999771118164,12.520000457763672,12.800000190734863,13.119999885559082,13.399999618530273,13.680000305175781,13.960000038146973,14.279999732971191,14.600000381469727,14.920000076293945,15.239999771118164,15.5600004196167,15.84000015258789,16.15999984741211,16.479999542236328,16.799999237060547,17.1200008392334,17.440000534057617,17.719999313354492,18.0,18.31999969482422,18.600000381469727,18.920000076293945,19.200000762939453,19.479999542236328,19.760000228881836,20.040000915527344,20.360000610351563]},"1":{"total_call_times":[377269,271749,264612,271318,266577,303517,314596,291381,283154,285868,280761,270676,277107,267479,266221,284825,306932,277560,268803,272705,262818,286876,263785,279335,274594,276283,285163,280253,276970,264014,312419,298510,273803,282596,294027,267207,267344,263963,275285,292055,278640,269807,277662,286693,257480,278462,268396,282079,281811,291568,281078,290263,264613,287560,282016,283845,284293,287707,278282,259615,287618,268209,280576,276147,279265,277401,272506,301278,311254],"timestamps":[0.0,0.3199999928474426,0.6000000238418579,0.8799999952316284,1.159999966621399,1.440000057220459,1.7599999904632568,2.0799999237060547,2.4000000953674316,2.7200000286102295,3.0399999618530273,3.359999895095825,3.640000104904175,3.9200000762939453,4.199999809265137,4.480000019073486,4.800000190734863,5.119999885559082,5.400000095367432,5.679999828338623,5.960000038146973,6.239999771118164,6.559999942779541,6.840000152587891,7.159999847412109,7.440000057220459,7.71999979019165,8.039999961853027,8.359999656677246,8.640000343322754,8.920000076293945,9.239999771118164,9.5600004196167,9.84000015258789,10.15999984741211,10.479999542236328,10.760000228881836,11.039999961853027,11.319999694824219,11.600000381469727,11.920000076293945,12.199999809265137,12.479999542236328,12.760000228881836,13.079999923706055,13.359999656677246,13.640000343322754,13.920000076293945,14.239999771118164,14.5600004196167,14.880000114440918,15.199999809265137,15.520000457763672,15.800000190734863,16.1200008392334,16.440000534057617,16.760000228881836,17.079999923706055,17.399999618530273,17.68000030517578,17.959999084472656,18.280000686645508,18.559999465942383,18.8799991607666,19.15999984741211,19.440000534057617,19.719999313354492,20.0,20.31999969482422]},"0":{"total_call_times":[377269,271749,264612,271318,266577,303517,314596,291381,283154,285868,280761,270676,277107,267479,266221,284825,306932,277560,268803,272705,262818,286876,263785,279335,274594,276283,285163,280253,276970,264014,312419,298510,273803,282596,294027,267207,267344,263963,275285,292055,278640,269807,277662,286693,257480,278462,268396,282079,281811,291568,281078,290263,264613,287560,282016,283845,284293,287707,278282,259615,287618,268209,280576,276147,279265,277401,272506,301278,311254],"timestamps":[0.0,0.3199999928474426,0.6000000238418579,0.8799999952316284,1.159999966621399,1.440000057220459,1.7599999904632568,2.0799999237060547,2.4000000953674316,2.7200000286102295,3.0399999618530273,3.359999895095825,3.640000104904175,3.9200000762939453,4.199999809265137,4.480000019073486,4.800000190734863,5.119999885559082,5.400000095367432,5.679999828338623,5.960000038146973,6.239999771118164,6.559999942779541,6.840000152587891,7.159999847412109,7.440000057220459,7.71999979019165,8.039999961853027,8.359999656677246,8.640000343322754,8.920000076293945,9.239999771118164,9.5600004196167,9.84000015258789,10.15999984741211,10.479999542236328,10.760000228881836,11.039999961853027,11.319999694824219,11.600000381469727,11.920000076293945,12.199999809265137,12.479999542236328,12.760000228881836,13.079999923706055,13.359999656677246,13.640000343322754,13.920000076293945,14.239999771118164,14.5600004196167,14.880000114440918,15.199999809265137,15.520000457763672,15.800000190734863,16.1200008392334,16.440000534057617,16.760000228881836,17.079999923706055,17.399999618530273,17.68000030517578,17.959999084472656,18.280000686645508,18.559999465942383,18.8799991607666,19.15999984741211,19.479999542236328,19.520000457763672,19.559999465942383,19.600000381469727]}}