{"0":{"total_call_times":[43850,40798,40946,40997,41330,41020,41593,42093,41021,40956,41216,41400,42014,41545,40802,41258,41120,42208,41040,41521,41518,41346,42679,41097,41266,40692,41370,41314,40896,40661,41894,40779,41919,41286,40527,41540,41202,41222,41296,41250,41095,41490,43195,41755,43579,41562,42932,41499,40950,41687,41052,42385,42666,41043,41240,44865,41465,41611,42710,41221,41289,41214,43456,41249,41984,41001,41147,41121,41729,43377,41121,41875,40941,42774,41341,40836,41473,41319,40883,41053,41712,41779,42517,41194,41492,45184,40987,42264,41584,41379,41202,42317,41627,40745,41416,42462,41331,44657,42104,41844,40273,41553,46309,42887,42639,40970,41579,41217,43354,40768,40893,41401,41055,40995,41971,41028,46418,41205,41715,42001,41068,47309,41557,41280,41515,41293,40917,42385,42255,40553,41169,43016,41354,41042,41356,41332,41929,42677,41320,41973,41280,41155,41658,41698,40941,41218,46765,43323,41656,42318,40986,42686,41777,42445,43237,42865,51674,42478,42425,42975,41881,51601,42488,44948,43989,42420,42148,48278,43536,42095,42607,41941,50504,42233,43207,41537,40549,42090,41701,41111,40440,41698,40791,40711,40786,41655,40715,41792,41121,41420,41124,40999,40386,41042,41375,41126,40344,40739,41508,40794,41741,43613,41415,41719,40437,42772,41290,41668,41422,41652,41432,41299,40687,41071,41288,41094,42867,44479,40779,41814,41472,40837,41484,41427,41459,41177,45439,40405,46345,42268,42017,41512,41720,41400,41486,41959,40614,43425,41189,41151,41649,40556,41755,41563,41620,41022,44338,40747,40126,46300,41594,40905,41651,40892,41214,43942,41850,44313,41782,41883,42135,40737,41919,41120,40856,40483,40753,40363,42402,41146,42180,40554,43669,41026,41946,41281,41454,41810,40513,41523,41085,41774,41351,40931,41171,42178,41280,41403,47030,41774,41597,40752,40883,42306,40516,46272,41283,40084,40840,42053,43030,41157,41376,40393,40263,41574],"timestamps":[0.0,0.07999999821186066,0.1599999964237213,0.23999999463558197,0.3199999928474426,0.4000000059604645,0.47999998927116394,0.5600000023841858,0.6399999856948853,0.7200000286102295,0.800000011920929,0.8799999952316284,0.9599999785423279,1.0399999618530273,1.1200000047683716,1.2000000476837158,1.2799999713897705,1.3600000143051147,1.440000057220459,1.5199999809265137,1.600000023841858,1.6799999475479126,1.7599999904632568,1.840000033378601,1.9199999570846558,2.0,2.0799999237060547,2.1600000858306885,2.240000009536743,2.319999933242798,2.4000000953674316,2.4800000190734863,2.559999942779541,2.640000104904175,2.7200000286102295,2.799999952316284,2.880000114440918,2.9600000381469727,3.0399999618530273,3.119999885559082,3.200000047683716,3.2799999713897705,3.359999895095825,3.440000057220459,3.5199999809265137,3.5999999046325684,3.680000066757202,3.759999990463257,3.8399999141693115,3.9200000762939453,4.0,4.079999923706055,4.159999847412109,4.239999771118164,4.320000171661377,4.400000095367432,4.480000019073486,4.559999942779541,4.639999866485596,4.71999979019165,4.800000190734863,4.880000114440918,4.960000038146973,5.039999961853027,5.119999885559082,5.199999809265137,5.28000020980835,5.360000133514404,5.440000057220459,5.519999980926514,5.599999904632568,5.679999828338623,5.760000228881836,5.840000152587891,5.920000076293945,6.0,6.079999923706055,6.159999847412109,6.239999771118164,6.320000171661377,6.400000095367432,6.480000019073486,6.559999942779541,6.639999866485596,6.71999979019165,6.800000190734863,6.880000114440918,6.960000038146973,7.039999961853027,7.119999885559082,7.199999809265137,7.28000020980835,7.360000133514404,7.440000057220459,7.519999980926514,7.599999904632568,7.679999828338623,7.760000228881836,7.840000152587891,7.920000076293945,8.0,8.079999923706055,8.15999984741211,8.239999771118164,8.319999694824219,8.399999618530273,8.479999542236328,8.5600004196167,8.640000343322754,8.720000267028809,8.800000190734863,8.880000114440918,8.960000038146973,9.039999961853027,9.119999885559082,9.199999809265137,9.279999732971191,9.359999656677246,9.4399995803833,9.520000457763672,9.600000381469727,9.680000305175781,9.760000228881836,9.84000015258789,9.920000076293945,10.0,10.079999923706055,10.15999984741211,10.239999771118164,10.319999694824219,10.399999618530273,10.479999542236328,10.5600004196167,10.640000343322754,10.720000267028809,10.800000190734863,10.880000114440918,10.960000038146973,11.039999961853027,11.119999885559082,11.199999809265137,11.279999732971191,11.359999656677246,11.4399995803833,11.520000457763672,11.600000381469727,11.680000305175781,11.760000228881836,11.84000015258789,11.920000076293945,12.0,12.079999923706055,12.15999984741211,12.239999771118164,12.319999694824219,12.399999618530273,12.479999542236328,12.5600004196167,12.640000343322754,12.720000267028809,12.800000190734863,12.880000114440918,12.960000038146973,13.039999961853027,13.119999885559082,13.199999809265137,13.279999732971191,13.359999656677246,13.4399995803833,13.520000457763672,13.600000381469727,13.680000305175781,13.760000228881836,13.84000015258789,13.920000076293945,14.0,14.079999923706055,14.15999984741211,14.239999771118164,14.319999694824219,14.399999618530273,14.479999542236328,14.5600004196167,14.640000343322754,14.720000267028809,14.800000190734863,14.880000114440918,14.960000038146973,15.039999961853027,15.119999885559082,15.199999809265137,15.279999732971191,15.359999656677246,15.4399995803833,15.520000457763672,15.600000381469727,15.680000305175781,15.760000228881836,15.84000015258789,15.920000076293945,16.0,16.079999923706055,16.15999984741211,16.239999771118164,16.31999969482422,16.399999618530273,16.479999542236328,16.559999465942383,16.639999389648438,16.719999313354492,16.799999237060547,16.8799991607666,16.959999084472656,17.040000915527344,17.1200008392334,17.200000762939453,17.280000686645508,17.360000610351563,17.440000534057617,17.520000457763672,17.600000381469727,17.68000030517578,17.760000228881836,17.84000015258789,17.920000076293945,18.0,18.079999923706055,18.15999984741211,18.239999771118164,18.31999969482422,18.399999618530273,18.479999542236328,18.559999465942383,18.639999389648438,18.719999313354492,18.799999237060547,18.8799991607666,18.959999084472656,19.040000915527344,19.1200008392334,19.200000762939453,19.280000686645508,19.360000610351563,19.440000534057617,19.520000457763672,19.600000381469727,19.68000030517578,19.760000228881836,19.84000015258789,19.920000076293945,20.0,20.079999923706055,20.15999984741211,20.239999771118164,20.31999969482422,20.399999618530273,20.479999542236328,20.559999465942383,20.639999389648438,20.719999313354492,20.799999237060547,20.8799991607666,20.959999084472656,21.040000915527344,21.1200008392334,21.200000762939453,21.280000686645508,21.360000610351563,21.440000534057617,21.520000457763672,21.600000381469727,21.68000030517578,21.760000228881836,21.84000015258789,21.920000076293945,22.0,22.079999923706055,22.15999984741211,22.239999771118164,22.31999969482422,22.399999618530273,22.479999542236328,22.559999465942383,22.639999389648438,22.719999313354492,22.799999237060547,22.8799991607666,22.959999084472656,23.040000915527344,23.1200008392334,23.200000762939453,23.280000686645508,23.360000610351563,23.440000534057617,23.520000457763672,23.600000381469727,23.68000030517578,23.760000228881836,23.84000015258789,23.920000076293945,24.0,24.079999923706055,24.15999984741211,24.239999771118164,24.31999969482422,24.399999618530273]}}